id, title, address
71, "포천 유식물원 캠핑장", "경기 포천시 신북면 간자동길 138-100 (삼정리)"
3950, "청평하늘캠프타운", "경기 가평군 청평면 덕현산장길 11-193 (청평리, 두경미술관) 청평하늘캠프타운"
941, "곰섬캠핑장", "충남 태안군 남면 곰섬로 500-19 (신온리)"
3958, "세븐블럭 캠핑장", "경기 포천시 해룡로 50-109 (설운동) 538-29"
4038, "남양주 별빛캠핑장", "경기 남양주시 수동면 비룡로1742번길 7 (내방리)"
7364, "푸른섬캠핑장", "경기 안산시 단원구 연목이길 31-21"
3372, "바다의별관광농원", "경기 안산시 단원구 부흥로 359-9 (대부남동) 바다의 별 관광농원"
4128, "더쉼오토캠핑장", "충남 태안군 태안읍 안도내길 58-9 (도내리)"
3813, "모짜르트 캠핑장", "경기 양평군 단월면 윗고북길 33-21 (산음리)"
1773, "어은돌 힐링야영장", "충남 태안군 소원면 연들길 84 (모항리)"
3816, "지투캠핑장", "경기 포천시 소흘읍 부흥로 370 (초가팔리) 경기도포천시소흘읍부흥로370"
13582, "산정호수 맑은물 캠핑장", "경기 포천시 영북면 산정호수로 970 (산정리)"
3532, "함안 아라캠핑장", "경남 함안군 법수면 장백로 891 (대송리, 문현초등학교)"
3449, "십리포해수욕장캠핑장", "인천 옹진군 영흥면 영흥북로 420-26 (내리, 십리포해변 통합안전센터)"
3896, "강촌 스칼라 캠프", "강원 춘천시 남산면 추곡고개길 326-121 (수동리)"
3314, "산들바다관광농원 캠핑장&펜션", "경남 고성군 동해면 외산로 330 (외산리)"
4084, "캠핑사이다 은빛물결점", "경기 가평군 조종면 대보리 506-1"
14373, "에듀팜파크글램핑", "경북 경주시 산내면 문복로 1280-8 (대현리, 국민청소년수련원)"
1026, "스노우라인 캠핑빌리지", "충남 예산군 예산읍 간양길 242-9 (간양리) 스노우라인 캠핑빌리지"
3357, "가평 화랑캠핑장", "경기 가평군 북면 가화로 1073-146 (제령리, 가평화랑유원지)"
3082, "광릉 해오름캠핑장", "경기 포천시 소흘읍 광릉수목원로874번길 5 (이곡리)"
7595, "벤캠프", "경기 포천시 영북면 산정호수로 834-12 (산정리)"
3790, "원스캠핑장", "인천 강화군 삼산면 삼산남로604번길 37 (매음리)"
4392, "공룡나라캠핑장", "경남 고성군 상리면 척번정7길 64 (척번정리) (구)상리중학교 어울림문화센트 공룡나라캠프"
14363, "용인 대장금파크 글램핑카라반", "경기 용인시 처인구 백암면 용천드라마길 25-10 (용천리)"
14423, "잉글랜드 캠핑장", "경기 가평군 북면 멱골로 265 (목동리)"
1970, "양주 캠프리카 캠핑장", "경기 양주시 백석읍 기산로440번길 127 (기산리)"
3647, "가평 대가캠핑유원지", "경기 가평군 북면 가화로 1073-100 (제령리, 지상낙원유원지)"
3946, "안양 산마을캠핑장", "경기 안양시 동안구 평촌대로 450-1 (비산동)"
1801, "경호강캠핑장", "경남 산청군 단성면 호암로1320번길 88-1 (방목리)"
2368, "아이비캠프", "경남 밀양시 산내면 원서3길 47 (원서리) 경남  밀양시 산내면  원서3길47ㅡ6(원서리)"
2163, "양평 휴 오토캠핑장", "경기 양평군 청운면 경강로 4882 (갈운리)"
3611, "학암포 나로캠핑장", "충남 태안군 원북면 옥파로 1157 (방갈리)"
3156, "포천계곡캠핑장", "경기 포천시 이동면 금강로 6304 (도평리)"
4249, "리썸글램핑", "충남 청양군 목면 안심길 85-64 (안심리)"
1782, "렛츠고 강화캠핑장", "인천 강화군 화도면 동녘말길 238-13 (장화리)"
2114, "홍산관광농원", "충남 부여군 홍산면 삽티로 465 (상천리) 부여(홍산관광농원)"
1489, "양주그린캠프", "경기 양주시 칠봉산로168번길 290 (회암동) 양주그린캠프"
4389, "별빛 은하수 캠핑장", "경북 경주시 산내면 대현길 172 (대현리)"
7374, "바다캠핑장", "인천 강화군 화도면 해안남로 2355"
1774, "다둥이네 캠핑장", "경기 가평군 북면 화악산로 642-18 (화악리) 안내관리실"
3628, "도명산캠핑장", "충북 괴산군 청천면 고성4길 4-2 (고성리)"
4011, "리우(里遇)캠핑장", "경북 문경시 농암면 청화로 886-402 (율수리)"
3918, "캠프627", "경남 산청군 단성면 호암로1320번길 90-31 (방목리)"
8842, "스테리움 서천 가족캠핑장", "충남 서천군 마서면 장항역길 54 (덕암리)"
14325, "캠프301", "대구 군위군 산성면 산성가음로 996-2 (화전리)"
3822, "고릴라 펜션캠핑", "경기 가평군 북면 제령아랫말길 67-61 (제령리, 펜션둥근해가)"
13622, "안면도힐링캠핑장", "충남 태안군 안면읍 갯개길 39 (정당리)"
4195, "일영스타캠핑장", "경기 양주시 장흥면 유원지로 406-144 (삼상리)"
3987, "한산도 충무공 교실 오토캠핑장", "경남 통영시 한산면 한산일주로 622 (창좌리)"
3820, "스테리움 제천 가족캠핑장", "충북 제천시 백운면 구학산로 1038 (운학리)"
7418, "연지곤지 팜캠핑장", "경기 포천시 소흘읍 직동길 48"
1730, "제천 워터파크캠핑랜드 (구 제천캠핑랜드)", "충북 제천시 봉양읍 용두대로40길 172-22 (명도리)"
3660, "양평 휴먼캠핑장", "경기 양평군 양동면 월은길 145 (매월리)"
3935, "부싯돌캠핑", "충남 천안시 동남구 북면 양곡1길 233-40 (양곡리)"
3639, "황석산오토캠핑장", "경남 함양군 서하면 육십령로 2991 (황산리, 황석산청소년수련원)"
199, "춘천숲자연휴양림 캠핑장", "강원 춘천시 동산면 종자리로 224-104 (군자리, 춘천숲자연휴양림)"
3784, "헬로우힐", "경기 가평군 조종면 연인산로 384 (마일리)"
4163, "군위 솔밭 야영장", "대구 군위군 부계면 원효길 59-1 (동산리)"
3718, "씨엘로 캠핑장 (운악산 포도 캠핑장)", "경기 가평군 상면 음지말로 102-12 (율길리) 율길리 539"
3894, "마음껏 남해(구.동창선 아트스테이)", "경남 남해군 창선면 연곡로 13 (오용리, 동창선초등학교)"
1240, "구름계곡 오토캠핑장", "경기 가평군 북면 제령아랫말길 71 (제령리)"
3991, "올레유캠핑장", "충남 태안군 원북면 동해길 201 (동해리) 동해리 95"
4015, "지리산가는길 903 캠핑장", "경남 함양군 휴천면 지리산가는길 903 (월평리)"
3196, "모디이캠핑장 (구 산내들 패밀리 어드벤처파크)", "경북 김천시 지례면 부항로 109-38 (도곡리)"
2571, "예원캠핑장", "전북 완주군 동상면 송광수만로 1079-126 (수만리) 예원캠핑장(계곡 최상류)"
1827, "서천 해양 캠핑장/글램핑장", "충남 서천군 서면 서인로 288-19 (마량리, 서천해양박물관)"
1917, "산청지막계곡캠핑장", "경남 산청군 금서면 지막리 산147-5"
2047, "담터 오지캠핑장", "경기 포천시 관인면 담터길 409 (삼율리)"
2116, "춘장대 아이사랑캠핑장", "충남 보령시 주산면 사작골길 13-13 (유곡리)"
13839, "파도와노을캠핑장", "충남 태안군 소원면 아치내길 60-70"
13626, "이른아침캠핑장&바베큐장", "충북 충주시 앙성면 가곡로 1201 (사미리) 이른아침캠핑장&바베큐장"
740, "하동다목적캠핑장", "경남 하동군 옥종면 옥단로 1830 (두양리) 하동다목적캠핑장"
4061, "태안 더빌리지", "충남 태안군 근흥면 마금로 184 (마금리)"
2800, "충북대학교 천문대체험학교캠핑장", "충북 진천군 문백면 은진로 29 (은탄리, 충북대학교천문대)"
3714, "학현 아름마을오토캠핑장", "충북 제천시 청풍면 학현소야로 206 (학현리)"
3443, "용인두리봉오토캠핑장(구 하늘아래캠핑장)", "경기 용인시 처인구 남사면 처인성로827번길 171 (완장리, 완장낚시터)"
14357, "더본캠핑장", "경기 양평군 서종면 화서로 706-44 (명달리) 더본캠핑장"
3155, "돌배2야영장 (오토캠핑장)", "강원 인제군 북면 만해로 149 (용대리) 돌배2야영장"
14347, "옴니버스캠핑장", "경기 연천군 장남면 장백로 391 (원당리)"
2069, "우리들캠핑장&글램핑", "경기 가평군 북면 화악산로 245 (소법리)"
7334, "형제섬 캠프타운", "전남 고흥군 동일면 우주로 2468-12 (백양리)"
3805, "통영에코파크", "경남 통영시 산양읍 연대길 109 (연곡리)"
4251, "산바라기 체험학교", "경기 가평군 조종면 명지산로 83 (운악리, 운악초등학교)"
9193, "수리바위캠핑정원", "충남 부여군 외산면 만수리 65-3"
1896, "피플앤독 힐링캠프", "충남 예산군 신양면 귀곡동절길 28 (귀곡리)"
3756, "솔베이오토캠핑장", "충북 괴산군 감물면 충민로 1083-12 (백양리)"
14344, "백마강레저파크(카라반캠핑장)", "충남 부여군 규암면 왕흥로 424 (호암리)"
1697, "가평포시즌캠핑장", "경기 가평군 북면 화악산로 1039-9 (화악리)"
3901, "두드림캠핑장", "경북 영천시 청통면 구정길 53-77 (죽정리)"
2733, "캠프더포레", "경남 함양군 서상면 부전계곡로 245 (옥산리) 캠프더포레(구,힐빙캠핑장)"
2079, "밀양얼음골 향림펜션&캠핑장", "경남 밀양시 산내면 얼음골로 134-25 (삼양리)"
2078, "도리돌캠핑장", "경기 포천시 이동면 화동로 2464-1 (도평리)"
13572, "가평뷰캠핑장", "경기 가평군 북면 소법리 161-5 (화악산로 270)"
3941, "나로우주캠핑장 (구)동포갯벌체험장", "전남 고흥군 동일면 동포길 93 (백양리, 관광숙박시설)"
1862, "블루마린 캠핑장", "경기 여주시 능서면 중부대로 2545-74 (번도리) 번도리"
1964, "가평 캠핑스마일", "경기 가평군 조종면 연인산로474번길 91-27 (마일리)"
1617, "두레캠핑장", "경기 가평군 청평면 상천리  1495-1"
4202, "서해바다 캠프원", "충남 서산시 대산읍 벌천포길 158-48 (오지리) ."
3418, "별곰캠핑힐", "경남 하동군 청암면 사동길 2 (상이리)"
13577, "또와또캠핑장", "강원 화천군 상서면 만산동로 930 (구운리)"
7336, "가자!우리집 캠핑장", "충북 괴산군 칠성면 쌍곡로 503 (쌍곡리)"
3638, "홍천 캠프인디오", "강원 홍천군 동면 후동길128번길 53 (후동리)"
5178, "비발디하우스 캠핑&펜션", "경기 포천시 이동면 금강로 6393 이동면 금강로 6393"
1874, "경주힐링캠프", "경북 경주시 산내면 감산리 2088"
4052, "도담캠핑장", "강원 홍천군 서면 개야로 357-18 (개야리)"
4190, "아침햇살 청소년 야영장", "경기 포천시 관인면 찬우물길 177 (냉정리) 가동"
5802, "별애드림(별愛Dream) 캠핑장", "충북 영동군 심천면 난계로 712-42 (각계리)"
1767, "동해 카라반 펜션", "울산 울주군 온산읍 강양길 162 (강양리, 동해횟집) 동해카라반펜션"
13793, "태안 올레유 캠핑장", "충남 태안군 원북면 동해길 201"
1064, "에뜨 유명산캠핑장", "경기 가평군 설악면 유명산길 124-17 (가일리) 에뜨 유명산 오토캠핑장"
4127, "평화누리캠핑 IN 연천", "경기 연천군 장남면 원당리 678"
3347, "글램핑클럽레스피아 in 태안", "충남 태안군 소원면 구름포길 117 (의항리)"
2469, "동상힐링캠핑장", "전북 완주군 동상면 동상주천로 160-27 (신월리)"
3446, "가평 용소캠핑장", "경기 가평군 북면 가화로 2411-32 (도대리)"
2336, "양평 산울림 캠핑장", "경기 양평군 양동면 불개터길 65-19 (삼산리)"
13595, "서후리 캠핑장", "경기 양평군 서종면 서차남1길 4 (서후리)"
4231, "배론의아침 캠핑장", "충북 제천시 봉양읍 배론성지길 167-28 (구학리)"
1751, "철원가산농원 캠핑장", "강원 철원군 갈말읍 상사리 628-3"
6910, "포천 그린별 캠핑장", "경기 포천시 신북면 탑신로 1431 (덕둔리) 지번 103-4번지"
3979, "가평 알프스 캠핑장 펜션", "경기 가평군 설악면 어비산길 26 (가일리)"
3633, "스테이더딜라잇 가든캠핑장", "충남 태안군 원북면 신두로 690-57 (신두리)"
4123, "글램핑&카라반 클럽레스피아 in 남양주 2호점", "경기 남양주시 수동면 비룡로 1738-23 (내방리)"
7357, "파인트리오토캠핑장", "경기 포천시 이동면 화동로 1925-63"
3893, "금산 만악리 수목원 카라반 오토캠핑장", "충남 금산군 진산면 초미동길 138-10 (만악리) 금산 만악리 수목원캠핑장"
3486, "덕산해변 캠핑장", "강원 삼척시 근덕면 덕산해변길 82 (덕산리, 캠프장관리소) 덕산해변 바다정원 캠핑장"
1797, "마이웨이리조트 캠핑존", "경남 밀양시 산외면 엄광길 103-14 (엄광리)"
13606, "포천 아르테미스 글램핑", "경기 포천시 영중면 호국로 3226-37 (성동리)"
4269, "강화 크로바 캠핑장", "인천 강화군 길상면 해안남로 497-4 길상면 해안남로 497-4"
3662, "담터 금학캠핑장", "경기 포천시 관인면 담터길 339 (삼율리)"
13631, "지파크[G-PARK]", "경기 양평군 단월면 한서로 1355 (석산리)"
7407, "수피아캠핑", "경남 합천군 봉산면 합천호반로 954"
4007, "완도명사십리 오토캠핑장", "전남 완도군 신지면 명사십리61번길 54 (신리) 완도면사십리오토캠핑장"
3324, "고령 소망캠핑장", "경북 고령군 운수면 대가야로 1850 (월산리)"
1914, "산아래캠핑장", "경기 포천시 관인면 담터길 275 (삼율리)"
4427, "팔공마루 캠핑&캠프닉", "대구 군위군 부계면 원효길 30 (동산리)"
9194, "변산오토캠핑장", "전북 부안군 변산면 변산로 2054 (대항리)"
3965, "청천 사립수목원 캠핑장", "충북 괴산군 청천면 도원1길 68 (도원리, 청천사립수목원) 560ㅡ15"
2068, "서석캠핑장", "강원 홍천군 서석면 고분대월길 67 (생곡리)"
3730, "와룡천 캠핑장", "강원 영월군 남면 송정길 53 (연당리)"
4263, "인천 왕산오토캠핑장", "인천 중구 용유서로423번길 60"
4924, "비비오토캠프", "충남 태안군 남면 마검포길 201-32 (신온리)"
3319, "완주 로뎀하우스", "전북 완주군 운주면 금고당로 1070-10 (고당리) 캠핏에서 예약가능합니다"
2887, "하늘구름길캠핑장", "전북 임실군 성수면 왕방길 360 (왕방리)"
3915, "꽃댕이오토캠핑장", "충북 제천시 백운면 화당로2길 176 (화당리)"
4260, "양지마을 야영장", "경남 거창군 신원면 밤티재로 1 (양지리)"
3952, "글램인스타", "강원 정선군 고한읍 고한리 208"
3916, "아이캠퍼 캠핑장", "경기 양평군 청운면 목내미길 83-219 (가현리) 양평숲 비룡캠프장_아이캠퍼존"
3083, "엘리시안강촌 캠핑파크", "강원 춘천시 남산면 북한강변길 688 (백양리, 강촌CC) 엘리시안 리조트 캠핑파크"
13596, "용인 리틀 올림픽", "경기 용인시 기흥구 신고매로 59 (고매동) 2층 야외 리틀올림픽"
3924, "솔밭캠프", "충북 괴산군 칠성면 쌍곡로 322 (쌍곡리)"
1596, "상주우산캠핑장", "경북 상주시 외서면 채릉산로 752 (우산리) 상주우산캠핑장"
3994, "내린천 보랏빛 캠핑장", "강원 인제군 상남면 아홉사리로 2848 (상남리)"
2943, "변산힐링밸리 독채펜션과카라반", "전북 부안군 진서면 참뽕로 175 (운호리)"
3815, "진달래관광농원캠핑장", "충남 부여군 옥산면 봉산로56번길 56 (봉산리) 진달래관광농원"
4008, "달리도캠핑장", "전남 목포시 달동 산98-5"
3455, "홍천 J캠핑장", "강원 홍천군 내면 소한동길 301 (창촌리)"
3751, "소노카페 오토캠핑", "강원 홍천군 서면 개야로 357-28 (개야리)"
7436, "지동잣숲캠핑장", "경기 포천시 신북면 지동길 114-13"
2974, "반딧골캠핑장", "전북 무주군 설천면 구천동로 2244 (두길리)"
3195, "서천 춘장대캠핑장", "충남 서천군 서면 춘장대길8번길 17-7 (도둔리) 서천 춘장대캠핑장"
13593, "스테이그린 글램핑", "충남 아산시 시민로180번길 71 (법곡동)"
1843, "별드림캠핑장", "경기 가평군 가평읍 당목가일길 515 (개곡리)"
3803, "영월아트앤캠핑장 (구 영월계곡캠핑장)", "강원 영월군 김삿갓면 김삿갓로 697-6 (와석리, 묵산미술박물관)"
1748, "민들레다람쥐 캠핑장", "전북 완주군 화산면 하용마안길 35-152 (종리)"
2287, "제천옛날학교캠핑장", "충북 제천시 덕산면 후청골길 72 (수산리)"
3961, "용추캠프&캠핑", "경남 함양군 안의면 용추계곡로 479 (상원리)"
1438, "홍성세울터오토캠핑장", "충남 홍성군 서부면 홍남서로362번길 46 (판교리) 세울터오토캠핑장펜션"
4060, "금옥골숲속작은마을", "강원 춘천시 동면 금옥1길 28-22 (월곡리)"
314, "하늘땅별땅쉼터 캠핑장", "경기 가평군 북면 화악리 904-3"
4016, "달별 캠핑장", "경기 양평군 양동면 고송길 32-12 (고송리)"
1868, "공주북캠프", "충남 공주시 신풍면 영정길 155-3 (영정리)"
3445, "메타피아 오래캠핑장", "경기 가평군 북면 화악산로 233 (소법리)"
1781, "길캠프", "강원 영월군 무릉도원면 황정길 29 (두산리)"
4085, "월성 자연캠핑야영장", "경남 거창군 북상면 덕유월성로 1170-19 (월성리)"
3328, "용추솔밭관광농원", "경남 함양군 안의면 용추계곡로 494-6 (상원리, 관광농원)"
2566, "간월도캠핑장 (역마차펜션)", "충남 서산시 부석면 간월달발길 108-6 (간월도리, 1동)"
4131, "글램핑클럽레스피아 IN 가평1호점", "경기 가평군 설악면 한서로 537-31 (위곡리)"
2089, "캠핑하는 집", "강원 춘천시 동산면 원무동길 303-28 (봉명리)"
3356, "합천 코지캠핑장", "경남 합천군 대병면 합천호수로 262-35 (성리)"
4204, "마운틴87", "강원 홍천군 북방면 도사곡길 260 (소매곡리)"
4272, "홍성 캠핑힐", "충남 홍성군 서부면 서부서길 506 서부면 서부서길 506"
14428, "잭슨글램핑", "충북 충주시 금가면 김생로 1179 (월상리)"
3890, "몽리치캠핑장", "경기 가평군 가평읍 당목가일길 574 (개곡리)"
7387, "경주힐링캠프글램핑펜션", "경북 경주시 산내면 장사길 418-55"
427, "휴가를 부탁해(김삿갓 내리계곡)", "강원 영월군 김삿갓면 내리계곡로 1024 (내리)"
4258, "동산계곡팔공쉼터야영장", "대구 군위군 부계면 원효길 57-1 (동산리)"
3885, "부엉캠핑클럽", "전북 완주군 운주면 산북신복길 125-72 (산북리)"
3746, "파주 풀빌라 워라벨", "경기 파주시 탄현면 엘지로 709 (낙하리) 파주풀빌라 워라벨"
1434, "청량산 나무네숲 캠핑", "경북 봉화군 명호면 청량로 763-81 (풍호리, 나무네숲) 나무네숲캠핑장"
2639, "캠프하다", "강원 홍천군 서면 개야마을길 68-27 (개야리)"
4289, "포천 쌤초이글램핑", "경기 포천시 이동면 금강로 6169 이동면 금강로 6169"
3406, "링크독 애견파크", "경기 가평군 설악면 신천중앙로28번길 101-60 (신천리)"
3528, "완도명사십리 블루카라반오토캠핑장", "전남 완도군 신지면 명사십리길 85-185 (신리) 블루카라반오토캠핑장"
3869, "라온힐캠핑장", "경기 가평군 상면 수목원로 224 (행현리)"
4024, "청포대 휴캠핑장", "충남 태안군 남면 청포대길 63-6 (원청리)"
13607, "사천 무지개카라반", "경남 사천시 석양길 196 (대포동)"
4274, "피카푸 피크닉앤글램핑 진주점", "경남 진주시 내동면 내축로 523 내동면 내축로 523"
3451, "들소리키즈글램핑", "전남 영암군 신북면 들소리로 384-14 (학동리, 신북서초등학교)"
4282, "포천 산정호수글램핑", "경기 포천시 영북면 산정호수로 1012-36 영북면 산정호수로 1012-36"
9465, "바다여행파크", "충남 태안군 원북면 옥파로 1059-16"
3939, "청평 캠프게이트", "경기 가평군 청평면 호반로 1025-26 (고성리)"
4313, "가평 자작나무글램핑", "경기 가평군 북면 화악산로 729-17 북면 화악산로 729-17"
4326, "태안 맘빌리지카라반", "충남 태안군 소원면 법산길 350-60 소원면 법산길 350-60"
2738, "슬로우캠프(무릉도원)", "강원 영월군 무릉도원면 고일길 18-5 (운학리) 슬로우캠프(무릉도원)"
4175, "가평 올덴카라반캠핑장", "경기 가평군 청평면 고성리 22"
13579, "횡성 태기산 별밤캠핑장", "강원 횡성군 청일면 청일로 607 (고시리)"
3734, "헤이리 풀빌라 워라밸", "경기 파주시 탄현면 샘철길 38-12 (성동리) 헤이리 풀빌라 워라밸"
1635, "땡큐펜션&캠핑", "경기 가평군 상면 비룡로 1689 (상동리) 땡큐펜션캠핑"
4390, "새솔캠핑&펜션", "강원 영월군 무릉도원면 무릉법흥로 968-9 (법흥리)"
1918, "영월별빛캠핑장", "강원 영월군 무릉도원면 양지마을길 38-11 (운학리)"
12781, "THE VIP풀빌라", "경기 가평군 가평읍 북한강변로 759-15"
3470, "산들바다카라반", "경남 고성군 동해면 외산로 330 (외산리)"
7349, "청양 고운글램핑", "충남 청양군 청양읍 식물원길 398-23"
3589, "용추힐링랜드", "경남 함양군 안의면 매바위길 3 (상원리)"
1759, "들살이 캠핑장", "경북 영덕군 달산면 옥산리 823"
4268, "햇살고요캠프", "경기 가평군 조종면 운악청계로 980 조종면 운악청계로 980"
3960, "담터 라온글램핑", "강원 철원군 동송읍 담터길 352 (상노리) 1층"
4325, "대부도 카라반랜드", "경기 안산시 단원구 수영목길 27-75 단원구 수영목길 27-75"
2414, "탄도항노을캠핑장", "경기 안산시 단원구 대부황금로 17-2 (선감동)"
11143, "텐타우스글램핑&오토캠핑&카라반", "경북 경주시 강동면 왕신숲골안길 5"
7454, "물골숲계곡오토캠핑장", "경기 가평군 상면 물골길 120"
3739, "해너울터 캠크닉", "울산 북구 어물동 산 244-1"
3670, "파인트리캠핑장", "강원 정선군 남면 광락로 349-30 (낙동리)"
4299, "경주 글램존", "경북 경주시 안강읍 새안현로 928 안강읍 새안현로 928"
3927, "학암포 물결카라반캠핑장", "충남 태안군 원북면 학암포길 21-22 (방갈리)"
13849, "[부여]수리바위캠핑정원", "충남 부여군 외산면 만수로 98"
7373, "지리산반내골오토캠핑장", "전남 구례군 문척면 중산로 555"
1013, "진부관광농원캠핑장(오대산블루베리야영장)", "강원 평창군 진부면 아차골길 32-44 (수항리)"
1777, "용대리 폭포가 있는 캠핑장", "강원 인제군 북면 미시령로 1312 (용대리) 용대리 폭포가있는 캠핑장"
4214, "유니의바다 카라반(호미곶점)", "경북 포항시 남구 호미곶면 해맞이로46번길 134 (강사리)"
4033, "화악산장", "경남 밀양시 부북면 대항길 321 (대항리)"
3669, "솔내음 산촌마을캠핑장", "전북 무주군 안성면 칠연로 504 (공정리)"
4125, "더 클래식IN포천 (클럽레스피아)", "경기 포천시 이동면 금강로 5547 (장암리)"
3840, "가평 조이글램핑", "경기 가평군 북면 멱골로272번길 7 (목동리)"
4090, "별빛숲캠핑바베큐", "인천 강화군 양도면 강화남로 524-5 (조산리)"
3806, "양양캠핑장", "강원 양양군 현북면 어성전길 182-18 (어성전리)"
2603, "월악산레트로캠핑N민박", "충북 제천시 덕산면 월악산로5길 18-3 (월악리)"
7029, "백리포 바다와파도소리캠핑펜션", "충남 태안군 소원면 백리포길 39-4"
14564, "더숨포레스트캠핑장", "경남 창원시 마산합포구 구산면 해양관광로 2010"
8976, "팰리스한옥키즈풀빌라펜션", "경북 경주시 산내면 문복로 828"
13587, "문앤스타 펜션", "경기 양평군 용문면 중원산로 593-2 (중원리)"
8660, "글램퍼스 양평", "경기 양평군 단월면 대부록길 38-3"
14080, "오스트리아캠핑장", "경기 가평군 상면 축령로 276-37"
14238, "크리스월드", "경기 가평군 가평읍 북한강변로 360-91"
4116, "홍천 뜨란캠핑장", "강원 홍천군 서면 개야마을길 144-10 (개야리)"
13288, "산청 풀빌라Y", "경남 산청군 단성면 호암로632번길 52-8"
1752, "하늘숲글램핑파크", "경기 가평군 북면 소법리 152-4"
4121, "글램핑&카라반 클럽레스피아 in 포천백운 계곡", "경기 포천시 이동면 화동로 2440-34 (도평리)"
4242, "베이스캠프 in 설악 [카라반]", "강원 양양군 강현면 장재터로 337 (하복리)"
3453, "제천 명암오토캠핑장", "충북 제천시 봉양읍 명암로5길 1 (명암리)"
4321, "가평 티앤캠핑장", "경기 가평군 북면 꽃넘이길 55 북면 꽃넘이길 55"
1303, "라포레스타 글램핑", "충북 제천시 금성면 산곡3길 153 (월림리) 달숲캠핑장"
589, "소금강마을에코센터 오토캠핑장", "강원 강릉시 연곡면 진고개로 1826-11 (퇴곡리, 마을회관) 소금강마을에코센터 오토캠핑장"
13767, "가평 네잎클로버 카라반 글램핑", "경기 가평군 설악면 장수로 156-20"
8050, "대부도 어반아일랜드", "경기 안산시 단원구 사근여길 12"
4053, "삼정골 잔디구장 펜션", "경기 가평군 상면 아랫벌길 24-161 (연하리)"
3833, "드론캠핑장", "전남 고흥군 금산면 돈청길 25-17 (대흥리, 금산종합고등학교) 구 금산종합고등학교"
13809, "[삼척]덕산해변캠핑장", "강원 삼척시 근덕면 덕산해변길 82"
7443, "송정마을 수목화 오토캠핑장", "강원 고성군 거진읍 건봉사로 1503-1"
4327, "가평 캡틴 카라반&글램핑", "경기 가평군 상면 청군로 776-22 상면 청군로 776-22"
3798, "쌍계곡캠핑&민박", "강원 홍천군 서면 아우라치길 15-30 (중방대리) 1층"
7978, "가평 돌궁 펜션 캠핑장", "경기 가평군 설악면 어비산길 53"
1716, "문배골 캠핑장", "강원 춘천시 남산면 서백길 691-83 (백양리)"
1572, "밀양 얼음골 사과향기 캠핑장", "경남 밀양시 산내면 얼음골옛길 347-12 (남명리) 사과향기캠핑장"
13761, "개울가오토캠핑장", "경기 가평군 설악면 유명로 654-58"
1864, "그루터기 펜션캠핑장", "강원 양양군 서면 구룡령로 1694 (서림리)"
12309, "꾸지나무골펜션텔", "충남 태안군 이원면 꾸지나무길 81-26"
7937, "통영 에코파크 카라반 펜션", "경남 통영시 산양읍 연대길 109"
7421, "힐링아일랜드글램핑", "경남 남해군 삼동면 죽방로 169"
4303, "포천 노블글램핑", "경기 포천시 군내면 청군로 2800 군내면 청군로 2800"
3632, "욕지도(관광농원카라반)", "경남 통영시 욕지면 욕지일주로 819-47 (서산리)"
7038, "거제 아모르가족펜션", "경남 거제시 장목면 옥포대첩로 1117-4"
14682, "더힐글램핑", "경기 여주시 북내면 여양3로 50-62"
1835, "횡성산울림캠핑장", "강원 횡성군 청일면 청일로895번길 127 (신대리)"
3657, "용추 돌모리캠핑장", "경남 함양군 안의면 매바위길 9 (하원리)"
4279, "아산글램핑캠핑장", "충남 아산시 선장면 학성로 214 선장면 학성로 214"
4167, "TITF 카라반파크", "경북 포항시 남구 장기면 동해안로 3058-20 (계원리)"
1038, "귤암리캠핑장", "강원 정선군 정선읍 옷바우길 2 (귤암리) 귤암리 캠핑장"
9192, "강화카라반캠핑장", "인천 강화군 길상면 해안남로65번길 15-1 (초지리)"
3733, "솔내음 캠핑장(수원)", "경기 수원시 권선구 칠보로 2 (금곡동)"
4120, "클럽레스피아 IN 포천 2호점", "경기 포천시 신북면 지동길 205 (금동리)"
4145, "가평 구름산카페카라반", "경기 가평군 상면 수목원로 238-81 (행현리)"
4590, "마리나비치펜션", "충남 태안군 남면 몽대로 494-8 남면 몽대로 494-8"
7333, "가리왕산 정원 캠핑장", "강원 정선군 북평면 오대천로 570-19 (숙암리)"
3870, "가평 솔다람숲 당일캠핑장", "경기 가평군 가평읍 태봉두밀로406번길 122 (두밀리)"
7385, "산정호수글램핑", "경기 포천시 영북면 산정호수로 1012-36"
3738, "백담정캠핑장", "강원 인제군 북면 백담로 126 (용대리)"
4315, "홍천 가온휴양빌리지 글램핑", "강원 홍천군 서면 한서로 1304 서면 한서로 1304"
7264, "안면도 바다비 펜션(대형 미온수 수영장/애견동반가능)", "충남 태안군 고남면 편교동길 122"
13800, "가평 도토리요정숲", "경기 가평군 가평읍 태봉두밀로406번길 127-77"
7754, "대부도 힐링스테이 캠핑 펜션", "경기 안산시 단원구 연목이길 21"
13583, "연인산 온천리조트", "경기 가평군 북면 가화로 1575-16 (도대리)"
7142, "포천 보물섬펜션", "경기 포천시 소흘읍 죽엽산로 426-13"
4372, "담양 힐링파크", "전남 담양군 봉산면 탄금길 9-26 봉산면 탄금길 9-26"
4245, "산들내글램핑", "전북 정읍시 산외면 종운로 260 (정량리, 인문학뇌만들기 문화공간 창)"
3955, "담터 오지글램핑", "강원 철원군 동송읍 담터길 350 (상노리)"
4135, "마조렐리조트 글램핑빌라", "경기 여주시 점곡길 54 (멱곡동) 마조렐글램핑리조트"
4075, "밀양 범도 카라반", "경남 밀양시 단장면 표충로 860 (범도리) 범도오토캠핑장/카라반"
2458, "무주구천동 카라반글램핑", "전북 무주군 설천면 백련사길 16 (삼공리)"
14516, "제천워터파크캠핑랜드", "충북 제천시 봉양읍 용두대로40길 172-22"
9607, "펜션캐빈", "경기 화성시 서신면 해안길178번길 70"
4312, "청도 프로방스 글램핑", "경북 청도군 화양읍 이슬미로 272-23 화양읍 이슬미로 272-23"
12320, "장수한옥펜션", "전북 전주시 완산구 은행로 55-1"
4271, "영월 천문대펜션캠핑장", "강원 영월군 북면 사만길 173 북면 사만길 173"
4168, "유니의바다 카라반(구룡포점)", "경북 포항시 남구 구룡포읍 일출로332번길 95-10 (석병리)"
1990, "코코비발디 캠핑장", "강원 홍천군 서면 고루개길 37-17 (중방대리) 코코비발디"
7382, "덕유산계곡글램핑", "전북 무주군 설천면 구천동1로 44"
4277, "청도 아빠의캠프", "경북 청도군 매전면 당호강변길 49-7 매전면 당호강변길 49-7"
5705, "영흥도 포레스트카라반", "인천 옹진군 영흥면 영흥로643번길 22 영흥면 영흥로643번길 22"
7469, "별마로빌리지 펜션&캠핑", "강원 영월군 김삿갓면 영월동로 1954-40"
4273, "춘천 월송리캠프", "강원 춘천시 서면 월송길 381-21 서면 월송길 381-21"
4280, "가평 황정민키즈글램핑", "경기 가평군 조종면 명지산로 523 조종면 명지산로 523"
4276, "경주 오글오글 글램핑", "경북 경주시 산내면 문복로 1637-32 산내면 문복로 1637-32"
3851, "오손도손 캠핑장", "충북 제천시 장자터길 17 (자작동)"
6585, "고성 블루웨일 글램핑", "경남 고성군 삼산면 두포5길 113-139"
4356, "가평 오롯하다글램핑", "경기 가평군 북면 가화로 1364-55 북면 가화로 1364-55"
7048, "경주 늘시원 오션뷰 펜션", "경북 경주시 감포읍 감포로2길 47"
4371, "이천 청암관광농원", "경기 이천시 부발읍 황무로1720번길 74 부발읍 황무로1720번길 74"
4316, "가평 루체른글램핑", "경기 가평군 조종면 운악청계로333번길 19 조종면 운악청계로333번길 19"
9654, "해빛뜰마을펜션", "경북 울진군 기성면 망양1길 9"
13656, "남이섬 베스트 캠핑장", "경기 가평군 가평읍 북한강변로 517-8"
14324, "고성라벤더카라반", "강원 고성군 간성읍 꽃내마루길 54 (어천리)"
4307, "문경 더모스트글램핑", "경북 문경시 문경읍 문경대로 2259-15 문경읍 문경대로 2259-15"
4275, "구라이골캠핑장", "경기 포천시 창수면 창동로 497 창수면 창동로 497"
4469, "그린하우스펜션", "충남 태안군 안면읍 송림길 18-25 안면읍 송림길 18-25"
7584, "연천 평화누리캠핑", "경기 연천군 장남면 장백로 236"
8046, "청평 캐비어 가족 펜션", "경기 가평군 상면 덕현산장길 43-19"
6136, "연천 허브빌리지", "경기 연천군 왕징면 북삼로20번길 55 왕징면 북삼로20번길 55"
4391, "지리산포레스트카라반랜드", "전남 구례군 토지면 피아골로 567-12 (내동리)"
14369, "산이다 글램핑", "경기 포천시 영북면 산정호수로 1067 (산정리)"
4296, "가평 별똥별글램핑&카라반", "경기 가평군 설악면 유명산길 124-12 설악면 유명산길 124-12"
11264, "코타키나풀빌라", "경남 통영시 갈목길 31"
14556, "[양주]캠프랩 당일피크닉바베큐장", "경기 양주시 장흥면 권율로 327"
1717, "강촌 하늘아래 글램핑", "강원 춘천시 남산면 방곡리 351-3"
7423, "새연카라반글램핑_가평현리1호점", "경기 가평군 조종면 운악청계로333번길 86"
4298, "여수 메아리글램핑", "전남 여수시 소라면 해넘이길 217 소라면 해넘이길 217"
10147, "가조도풀하우스펜션", "경남 거제시 사등면 가조로 1292-37"
6515, "남양주 수동계곡 펜션", "경기 남양주시 수동면 비룡로 1257-43"
4162, "용추캠프", "경남 함양군 안의면 용추계곡로 296 (하원리)"
4290, "울주 써니앤케빈 글램핑", "울산 울주군 상북면 배내로 1348-15 상북면 배내로 1348-15"
971, "월악초원민박", "충북 제천시 덕산면 월악리 228 월악 초원민박"
7345, "문막힐링레저파크펜션&캠핑", "강원 원주시 지정면 판관터길 73"
4492, "창원 산토리니", "경남 창원시 마산합포구 구산면 원전1길 162 마산합포구 구산면 원전1길 162"
12547, "그자리 애견 야영장", "강원 홍천군 서면 노일로 478"
4352, "가평 르푸앙 카라반&펜션", "경기 가평군 청평면 호반로 764"
1474, "강릉 씨-클라우드 카라반", "강원 강릉시 사천면 너래길 5 (노동리)"
1723, "정선애 캠핑&펜션&글램핑", "강원 정선군 남면 광락로 476-5 (낙동리)"
5848, "강릉여행 굿캠핑&펜션", "강원 강릉시 사천면 해안로 904-8"
4294, "썬오브 글램핑", "경기 포천시 이동면 금강로6263번길 14 이동면 금강로6263번길 14"
7497, "더설렘 글램핑 앤 카라반", "경기 포천시 일동면 윗갈기1길 60"
7482, "벨하우스글램핑", "경기 남양주시 수동면 지둔로445번안길 10-6"
2878, "동당미펜션&횡성동당미계곡캠핑장", "강원 횡성군 서원면 압곡로 203 (압곡리) 횡성동당미계곡캠핑장"
7400, "충주호캠핑월드", "충북 충주시 동량면 호반로 696-1"
14588, "포천 스푼글램핑&카라반", "경기 포천시 군내면 청군로2985번길 202"
7376, "채움관광농원 글램핑", "경기 포천시 이동면 화동로 2496-22"
4341, "강화 낙조힐링 카라반 캠핑장", "인천 강화군 화도면 해안남로 2425"
4362, "무주 나봄카라반파크", "전북 무주군 설천면 월곡길 45 설천면 월곡길 45"
4284, "합천 글램핑스토리", "경남 합천군 가야면 구미가천로 345 가야면 구미가천로 345"
5041, "바다의별펜션", "경기 안산시 단원구 부흥로 359-9 단원구 부흥로 359-15"
7458, "노꼬담꼬글램핑펜션", "경북 경주시 산내면 감존길 390-65"
4314, "가평 포시즌글램핑", "경기 가평군 상면 청군로 1640 상면 청군로 1640"
1555, "강릉 노추산힐링캠프", "강원 강릉시 왕산면 노추산로 1271-6 (대기리) 강릉 노추산힐링캠프"
4317, "청도 신난다애견글램핑", "경북 청도군 각북면 송내길 57-13 각북면 송내길 57-13"
3880, "카라반파크 아마존", "전북 완주군 구이면 신전길 75-96 (항가리) 카라반파크 아마존"
4288, "강릉 베이스캠프글램핑", "강원 강릉시 사천면 해안로 940-12 사천면 해안로 940-12"
5048, "포천 조이토마토 펜션 스파", "경기 포천시 일동면 운악청계로1480번길 90-114 일동면 운악청계로1480번길 90-114"
1765, "모야의 숲 캠핑장", "강원 횡성군 청일면 청일로 986 (신대리)"
4295, "영천 아우노 펠리스 글램핑", "경북 영천시 상신기길 150 상신기길 150"
3812, "판앤팜치유정원(글램핑 판)", "충남 부여군 옥산면 신안로40번길 90 (신안리)"
7485, "캐리비안캠프펜션&캠핑장", "경기 용인시 처인구 포곡읍 마성로 356"
13480, "양양 라벤더코지풀빌라(4계절 온수풀)", "강원 양양군 서면 남대천로 917-6"
11176, "펜션미르", "경남 밀양시 산외면 밀양대로 3381"
12598, "동해안로 1505", "울산 북구 동해안로 1505-9"
14078, "대부도 느루 다감 독채온수풀빌라", "경기 안산시 단원구 참살이2길 42"
4292, "안동 룩스글램핑앤팜", "경북 안동시 도산면 양평길 23-56 도산면 양평길 23-56"
6243, "밀양1박2일", "경남 밀양시 단장면 고례4안길 10 단장면 고례4안길 10"
4297, "정읍 금강두승산글램핑", "전북 정읍시 고부면 영원로 222-15 고부면 영원로 222-15"
4285, "포천 글램핑앤카라반", "경기 포천시 화현면 화동로432번길 106 화현면 화동로432번길 106"
12814, "하늘리조트", "충북 청주시 상당구 미원면 운암옥화길 192"
4309, "공주 계룡산글램핑 동월숲", "충남 공주시 반포면 계룡대로 1352 반포면 계룡대로 1352"
4788, "만리포호텔", "충남 태안군 소원면 만리포2길 208 소원면 만리포2길 208"
1867, "섬지골테마오토캠핑장", "강원 영월군 상동읍 섬지골길 19 (내덕리)"
7337, "몽고몽고글램핑", "강원 홍천군 남면 남노일로 1162 (남노일리)"
6643, "보령 1820펜션", "충남 보령시 고잠1길 42 고잠1길 42"
7926, "파주 동화힐링캠프 글램핑", "경기 파주시 파평면 파평산로363번길 32"
7051, "고성 블루비치 펜션 글램핑", "경남 고성군 삼산면 두포5길 113-109"
14675, "용인대장금파크글램핑카라반", "경기 용인시 처인구 백암면 용천드라마길 25-10"
13950, "에이스캠프", "경북 청도군 각북면 낙산1길 159"
5171, "풀빌라1박2일", "경북 포항시 북구 송라면 해안로 2845-1 북구 송라면 해안로 2845-1"
14536, "청주 벨루아", "충북 청주시 청원구 오창읍 성산2길 196-40"
4318, "양양 윈드밸리글램핑", "강원 양양군 서면 구룡령로 1158 서면 구룡령로 1158"
4311, "보은 일상화글램핑", "충북 보은군 산외면 성암가고로 235-6 산외면 성암가고로 235-6"
14140, "도화온천풀빌라", "전남 구례군 산동면 관산구산길 14-28"
4373, "양평 마인드글램퍼스 글램핑", "경기 양평군 단월면 대부록길 37 단월면 대부록길 37"
4185, "제부도 여행스케치펜션", "경기 화성시 서신면 해안길 306-3 (제부리)"
13604, "서천오션플레이스", "충남 서천군 마서면 원한성길104번길 23-20 (송석리)"
7405, "스카이글램핑", "경북 경주시 보불로 328-10"
2398, "통나무집 캠핑장 (십이선녀탕 계곡)", "강원 인제군 북면 십이선녀탕길 81 (용대리) 강원 인제군북면 용대리1330"
4990, "계룡산사계절", "충남 공주시 계룡면 신원사로 430-57 계룡면 신원사로 430-57"
14279, "가평 아이놀터 키즈 풀빌라", "경기 가평군 설악면 다락재로485번길 49-44"
7546, "하늘숲글램핑", "경기 가평군 가평읍 호반로 2092"
4330, "강릉 베이스캠프카라반", "강원 강릉시 사천면 해안로 940-12 사천면 해안로 940-12"
13215, "캠프공존", "경북 영천시 금호읍 가라골1길 90"
7389, "왕산가족오토캠핑장", "인천 중구 용유서로423번길 60"
4518, "디마레풀빌라", "전남 여수시 돌산읍 평사로 149 돌산읍 평사로 149"
9573, "창바우마을", "경북 포항시 남구 장기면 동해안로3404번길 55"
3925, "가평 포레스트카라반랜드", "경기 가평군 가평읍 산유리 730"
4037, "포천 클럽프라비다", "경기 포천시 이동면 금강로 6531 (도평리)"
10585, "거제 구조라타운", "경남 거제시 일운면 구조라로2길 40"
12449, "망고스틴풀빌라", "경남 거제시 장목면 옥포대첩로 1417"
11889, "아인키즈풀빌라 아르노풀빌라", "경북 경주시 천북면 목실길 14-108"
4415, "블루라떼", "인천 옹진군 영흥면 선재로317번길 54"
4304, "별다리글램핑장", "경기 가평군 북면 꽃넘이길 23-7 북면 꽃넘이길 23-7"
4446, "황토마루&마루펜션", "경북 경주시 양북면 상범길 159-2 양북면 상범길 159-2"
6240, "2020년 4월 신축 스톤코브펜션", "경남 거제시 장목면 옥포대첩로 1147-3 장목면 옥포대첩로 1147-3"
7570, "경주별자리캠핑랜드(개별화장실)", "경북 경주시 반구대로 3501-32"
7394, "메사캠핑장", "경기 포천시 이동면 금강로 6145-47"
12093, "남양주 마실빌리지펜션", "경기 남양주시 오남읍 팔현로216번길 24-1"
13087, "공주 힐스포레", "충남 공주시 신풍면 심방울1길 19-14"
11731, "놀이터펜션", "경남 밀양시 단장면 시전2길 12-1"
597, "불타는삼촌 노다지캠핑장", "강원 횡성군 청일면 춘당로 232 (춘당리, 해오름살림학교) 불타는삼촌 노다지캠핑장"
13274, "고성 최필간고택", "경남 고성군 하일면 학동돌담길 55"
3345, "예천 이지카라반캠핑", "경북 예천군 감천면 충효로 1131-27 (포리, 이지골프클럽)"
7596, "남이섬 마리나 카라반", "강원 춘천시 남산면 북한강변길 142 (서천리)"
7414, "더반힐글램핑앤리조트펜션", "충남 보령시 오천면 오천해안로 557"
4353, "포천해오름글램핑카라반", "경기 포천시 소흘읍 광릉수목원로874번길 5 소흘읍 광릉수목원로874번길 5"
7535, "양평 휴캠핑장", "경기 양평군 청운면 경강로 4882"
12844, "골드펫리조트", "경기 용인시 기흥구 기흥단지로 406"
6848, "강화 터펜션", "인천 강화군 화도면 해안남로 2297-26"
5349, "파주 살림채 펜션", "경기 파주시 소라지로327번길 126-20 소라지로327번길 126-20"
7341, "산내들 캠프 빌리지", "경북 김천시 지례면 부항로 109-37 (도곡리) 산내들 캠프 빌리지"
13573, "청평 포세이돈", "경기 가평군 청평면 고재길 262-101 (고성리, 포세이돈수상레저클럽) 청평 포세이돈"
7340, "이루다글램핑", "강원 철원군 근남면 하오재로 1203-16 (잠곡리) 신술로터리 좌회전 후 200직진후 좌회전"
4132, "카라반클럽레스피아 in 삽교바다공원", "충남 당진시 신평면 산정길 93 (부수리)"
7519, "비학농원캠핑장", "경기 파주시 법원읍 만월로613번길 217"
4177, "팜앤투어캠핑카라반", "충남 예산군 광시면 시목1길 70-41 (시목리)"
10251, "채움펜션", "경기 용인시 처인구 포곡읍 포곡로272번길 19-11"
4184, "제부도 우리펜션", "경기 화성시 서신면 해안길178번길 80 (제부리)"
13350, "거제 모나코풀빌라펜션", "경남 거제시 일운면 거제대로 1795-13"
11891, "거제 아모르가족펜션", "경남 거제시 장목면 옥포대첩로 1117-4"
6994, "부안 스테이80 펜션", "전북 부안군 변산면 고사길 80"
8384, "로마의휴일펜션", "충북 청주시 상당구 미원면 운암옥화길 288"
12298, "밀양반딧불이펜션", "경남 밀양시 단장면 도래재로 10"
4543, "춘천숲자연휴양림 글램핑", "강원 춘천시 동산면 종자리로 224-104 동산면 종자리로 224-104"
13774, "통영 그대에게드림 독채 풀빌라", "경남 통영시 산양읍 풍화일주로 124-1"
10390, "노을과바다", "인천 강화군 내가면 황청포구로462번길 4-55"
9370, "스파클링펜션", "전북 부안군 변산면 변산해변로 799-77"
4433, "경주 힐링빌리지", "경북 경주시 천군1길 24-9 천군1길 24-9"
10396, "장수펜션", "강원 정선군 정선읍 이평길 23"
7050, "여수 디아크리조트&풀빌라(수영장무료)", "전남 여수시 돌산읍 돌산로 3169-30"
4300, "가평 아만다키즈글램핑(펜션형 글램핑)", "경기 가평군 조종면 와곡길 120 조종면 와곡길 120"
4364, "강화 어반티지 글램핑 카라반", "인천 강화군 내가면 연촌길 115-10 내가면 연촌길 115-10"
7331, "춘천 힐링브릿지", "강원 춘천시 남면 박암관천길 511-24 (박암리)"
13571, "솔향강릉카라반캠핑장", "강원 강릉시 경강로 2580 (견소동, 강릉경찰수련원) 강릉경찰수련원내 솔향강릉오토캠핑장"
12530, "풀빌라리조트 리베라", "전남 여수시 소라면 궁항길 115-16"
4310, "포천 아지트글램핑", "경기 포천시 화현면 화동로477번길 1 화현면 화동로477번길 1"
4278, "청양고운힐링글램핑", "충남 청양군 청양읍 식물원길 398-23 청양읍 식물원길 398-23"
4354, "춘천 왕터리조트", "강원 춘천시 남면 박암관천길 183-27"
9118, "농어바위펜션", "인천 옹진군 영흥면 영흥서로446번길 45"
4342, "당진 러빙유 카라반 캠핑장", "충남 당진시 고대면 삼선산수목원길 50 고대면 삼선산수목원길 50"
12647, "청계호수자작나무숲펜션", "경기 포천시 일동면 운악청계로1480번길 20"
6133, "문수산펜션", "경기 김포시 월곶면 문수산로 174-25"
4614, "몽산포 솔뫼마을펜션", "충남 태안군 남면 몽산포길 126 남면 몽산포길 126"
4749, "양양 바다뷰", "강원 양양군 강현면 동해대로 3294 강현면 동해대로 3294"
4621, "청풍블루밍데이즈", "충북 제천시 금성면 청풍호로 1511 금성면 청풍호로 1511"
2100, "태안 그린나래 힐링캠프 카라반펜션", "충남 태안군 근흥면 궁틀길 62-29 (용신리)"
3148, "카라반랜드", "경기 안산시 단원구 수영목길 27-51 (대부남동)"
4927, "배바위카누마을", "강원 홍천군 서면 마곡길 153-5 (마곡리)"
4161, "도토리요정숲 레드썸", "경기 가평군 가평읍 태봉두밀로406번길 127-88 (두밀리)"
4200, "남이섬베스트글램핑카라반", "경기 가평군 가평읍 북한강변로 517-8 (금대리)"
14368, "흥정계곡409", "강원 평창군 봉평면 흥정계곡길 409 (흥정리)"
2034, "대청호 달빛호수펜션&카라반", "충북 보은군 회남면 회남로 1694 (신곡리)"
7372, "다희펜션캠핑장", "강원 화천군 사내면 큰방단길 63"
13373, "청도 까사로마 풀빌라", "경북 청도군 운문면 청려로 4772"
7487, "에이원글램핑앤펜션", "경남 통영시 산양읍 산양중앙로 168"
12406, "라움스테이", "충남 서천군 서면 춘장대길 78-8"
7177, "강릉 블루마운틴펜션", "강원 강릉시 사천면 진리해변길 119"
13691, "충주 야생화와고택나들이", "충북 충주시 살미면 중원대로 2220"
9515, "산청 지리산오송펜션", "경남 산청군 시천면 지리산대로511번길 32"
7587, "꿈드림관광농원글램핑", "경기 포천시 화현면 봉화로 447"
10929, "몽산포파도소리펜션", "충남 태안군 남면 몽대로 512-17"
7102, "대부도 풀하우스 독채펜션", "경기 안산시 단원구 참살이1길 29"
4374, "가평그라티아글램핑", "경기 가평군 가평읍 태봉두밀로 421-24 가평읍 태봉두밀로 421-24"
5686, "전주한옥마을  공간의미 독채펜션", "전북 전주시 완산구 자만동1길 13 완산구 자만동1길 13"
2735, "청옥산깨비마을 카라반&오토캠핑장", "강원 평창군 미탄면 수리재길 21 (회동리)"
7058, "남해노을펜션", "경남 남해군 남면 남면로 1156-8"
12559, "재즈요트스테이1박2일", "경기 화성시 서신면 해안길 477"
4113, "휴펜션 글램핑", "경남 함양군 백전면 함양남서로 2569-1 (양백리)"
4762, "강릉 아띠랑스 풀빌라&스파펜션 / 애견동반", "강원 강릉시 사천면 방동길 276 사천면 방동길 276"
5626, "거제퀸크루즈리조텔", "경남 거제시 동부면 거제대로 975 동부면 거제대로 975"
7344, "홍천 J캠핑장&펜션", "강원 홍천군 내면 소한동길 301"
5571, "태안 아이니 펜션 무한리필BBQ&갯벌체험", "충남 태안군 안면읍 흑석동길 50-12 안면읍 흑석동길 50-12"
9295, "옥화자연담은펜션", "충북 청주시 상당구 미원면 운암옥화길 188"
11944, "고성 봉포안녕펜션", "강원 고성군 토성면 봉포2길 5"
4574, "남해 가족사랑체험펜션", "경남 남해군 삼동면 죽방로 495 삼동면 죽방로 495"
8258, "을왕리 스와니 펜션 (엠티 단체방)", "인천 중구 을왕로 14-13"
7413, "별숲글램핑", "경남 창녕군 성산면 구연화길 62"
7489, "청화산카라반&캠핑", "대구 군위군 소보면 소보안계로 646-36"
6714, "춘천 리하우스", "강원 춘천시 남산면 방하로 1150-7 남산면 방하로 1150-5"
9320, "마린힐펜션", "충북 제천시 수산면 옥순봉로 503"
9380, "노을에기댄언덕펜션", "충남 태안군 소원면 천리포1길 124"
14185, "거제도 하이엔드 스파앤풀빌라 펜션", "경남 거제시 장목면 율천두모로 154-50"
8216, "울릉도 JD호스텔", "경북 울릉군 울릉읍 울릉순환로 164-2"
7879, "제주 달콤한 아침", "제주 제주시 구좌읍 행원로 35-9"
13893, "남해 마린피아 오션뷰 스파 풀빌라", "경남 남해군 남면 남면로 946-3"
7303, "고성 한산마리나리조트", "경남 고성군 회화면 회진로 515"
4301, "슈가풀빌라&스파글램핑(22년 1월 신축OPEN!!)", "경기 가평군 북면 가화로 1422-14 북면 가화로 1422-14"
9405, "울릉도올레펜션", "경북 울릉군 울릉읍 저동4길 95"
1714, "연천 고대산 캠핑리조트", "경기 연천군 신서면 고대산길 84-12 (대광리) 고대산캠핑리조트"
7466, "산음캠핑", "경기 양평군 단월면 고북길 76-23"
3728, "칠성봉 산장", "경남 하동군 청암면 사동길 8-3 (중이리, 칠성봉산장)"
4144, "풀빌라아쿠아밸리펜션", "경기 가평군 가평읍 태봉두밀로 373 (두밀리)"
4561, "거제더비치펜션빌리지", "경남 거제시 장목면 거제북로 2738-3 장목면 거제북로 2738-3"
7481, "하늘바다글램핑", "인천 강화군 길상면 동검길65번길 138-29"
11368, "드헤브펜션", "제주 제주시 구좌읍 문주란로1길 74-24"
7641, "원전리 힐링타임펜션", "경남 창원시 마산합포구 구산면 이순신로 654"
11431, "담양프로방스펜션", "전남 담양군 담양읍 메타프로방스1길 70"
13134, "명돈골펜션", "경기 가평군 북면 논남기길 19-36"
14641, "가평다온캠핑장", "경기 가평군 조종면 운악청계로 351-42"
6398, "거제 까치와산토리나스파펜션", "경남 거제시 일운면 거제대로 1488-6 일운면 거제대로 1488-6"
7571, "포천클럽아일랜드글램핑카라반", "경기 포천시 신북면 지동길 199-10"
14747, "을왕리 썰트(sult)", "인천 중구 용유서로 341"
10428, "메르벨르풀빌라펜션", "부산 기장군 일광면 장곡길 83-10"
3303, "안면도 수평선 펜션", "충남 태안군 고남면 큰장돌길 283-47 (장곡리, 수평선 펜션)"
2108, "보또피아 힐링파크", "강원 홍천군 서면 개야로548번길 25-15 (두미리) 보또피아 카라반 파크&펜션"
4328, "원주 오크밸리 카라반", "강원 원주시 지정면 오크밸리2길 38 지정면 오크밸리 2"
14690, "아산 파라다이스호텔", "충남 아산시 음봉면 아산온천로157번길 7-7"
7043, "창원 진해 깨끗한 호텔 외인촌", "경남 창원시 진해구 청안로 7"
14728, "레피다리조트&펜션", "충남 태안군 이원면 태포길 266"
8063, "인천 화이트펜션", "인천 중구 왕산로52번길 14"
6831, "충청보령삽시도물망터", "충남 보령시 오천면 삽시도3길 60-10"
8026, "가평 해목 글램핑", "경기 가평군 조종면 운악청계로371번길 74-36"
12641, "빌라드무주풀빌라", "전북 무주군 설천면 양지길 92-5"
8505, "태안 파인비치펜션", "충남 태안군 이원면 음포길 148"
8231, "창원 055 오션뷰 풀빌라", "경남 창원시 마산합포구 진동면 다구2길 121-67"
9833, "공주고마게스트하우스", "충남 공주시 백미고을길 5-2"
10293, "양양 바다뷰", "강원 양양군 강현면 동해대로 3294"
8580, "늘푸른펜션", "인천 강화군 화도면 해안남로2220번길 24"
4582, "고아산방", "전북 장수군 계북면 문성길 228 계북면 문성길 228"
11975, "삼정골잔디구장펜션", "경기 가평군 상면 아랫벌길 24-161"
14259, "청주 도화별장", "충북 청주시 서원구 남이면 남이외천1길 101"
10976, "바다향기펜션", "경남 남해군 삼동면 동부대로942번길 8-6"
4324, "핀란드카라반", "경기 안산시 단원구 큰망생이1길 11 단원구 큰망생이1길 11"
4493, "가평문라이트블루", "경기 가평군 가평읍 북한강변로 752 가평읍 북한강변로 752"
13429, "여수펜션 벨르 오션뷰&풀빌라", "전남 여수시 화양면 화양로 794"
5007, "영월 큐브존", "강원 영월군 한반도면 한반도로 794-24 한반도면 한반도로 794-24"
7548, "청포대썬셋 리조트 앤 카라반", "충남 태안군 남면 안면대로 1308"
12293, "캠프스테이714", "경기 가평군 설악면 가마소길 17-500"
4323, "전남 천일염힐링캠핑 카라반", "전남 신안군 증도면 지도증도로 1058 증도면 지도증도로 1058"
9983, "블루스토리1", "충북 청주시 상당구 미원면 종암길 30-7"
7827, "속초 스머프하우스 펜션", "강원 속초시 하도문2길 7"
7361, "소백산 비로오토파크캠핑&펜션", "경북 영주시 풍기읍 삼가로 447-11"
7377, "세라핌글램핑", "경기 가평군 설악면 묵안로 626-17"
4340, "가평 운악홀리데이 카라반캠핑장", "경기 가평군 조종면 운악청계로 424"
7282, "신두리 가든 글램핑 캠핑장", "충남 태안군 원북면 신두로 690-57"
2138, "포천 새벽종펜션", "경기 포천시 화현면 화현리 1129-7"
7569, "가평하늘숲글램핑파크", "경기 가평군 북면 화악산로 254-38"
6345, "태안 달산포둘레길펜션", "충남 태안군 남면 달산포로 121-43 남면 달산포로 121-45"
4359, "푸른고래카라반", "경북 포항시 남구 장기면 동해안로 2784"
9463, "솔뫼마을펜션", "충남 태안군 남면 몽산포길 126"
4361, "금산 라라랜드 카라반 독채 펜션", "충남 금산군 제원면 신안사로 487"
12110, "다옴펜션", "경기 용인시 처인구 원삼면 농촌파크로 21"
10211, "송정마을 수목화 펜션", "강원 고성군 거진읍 건봉사로 1504"
4679, "청주 크레파스펜션", "충북 청주시 상당구 미원면 운암옥화길 223 상당구 미원면 운암옥화길 223"
6140, "강화 바닷가쉼터 가족 오션뷰 펜션", "인천 강화군 길상면 해안남로 705-15"
11033, "라온펜션", "경남 밀양시 단장면 표충로 1084"
4629, "참누리펜션", "경남 창원시 마산합포구 진전면 미천2길 120-84 마산합포구 진전면 미천2길 120-84"
4622, "파인비치펜션", "충남 태안군 이원면 음포길 148 이원면 음포길 148"
8493, "그린하우스펜션", "경기 양평군 청운면 작은둔뱅이골길 71"
12323, "다리쉼한옥펜션", "인천 강화군 길상면 해안남로 579"
12940, "셈프레펜션", "경남 거제시 일운면 반송재로 570-2"
4604, "산여울", "경기 양평군 용문면 두담길 47-6 용문면 두담길 47-6"
9651, "무안톱관광펜션", "전남 무안군 망운면 톱머리길 118"
7533, "비토섬 오토캠핑장 카라반&글램핑", "경남 사천시 서포면 토끼로 245-5"
11386, "안면도 지중해펜션", "충남 태안군 안면읍 밧개길 165-60"
5042, "영덕펜션바다사랑", "경북 영덕군 영해면 영덕대게로 2649 영해면 영덕대게로 2649"
9545, "마검포레져하우스", "충남 태안군 남면 마검포길 185-7"
13154, "울릉도 해오름관광펜션", "경북 울릉군 울릉읍 도동1길 35-10"
6702, "글램독 애견펜션 통영점 (대형 미온수 수영장)", "경남 통영시 광도면 용호로 285-16 광도면 용호로 285-16"
13549, "속초 코코모스파펜션", "강원 속초시 영랑해안4길 5"
4544, "더모스트풀빌라", "경북 포항시 북구 송라면 해안로2672번길 2 북구 송라면 해안로2672번길 2"
4308, "가평 노마드글램핑", "경기 가평군 상면 원흥길 46-12 상면 원흥길 46-12"
14086, "대천 리치밸리 통나무마을 펜션 (보령)", "충남 보령시 통나무마을1길 32"
4787, "비스타힐풀빌라", "경기 가평군 청평면 북한강로1556번길 66-44 청평면 북한강로1556번길 66-44"
4358, "제이드별빛카라반", "강원 춘천시 남산면 햇골길 62 남산면 햇골길 62"
7424, "보은글램핑", "충북 보은군 속리산면 속리산로 1029-13"
4139, "추자도 갤러리펜션", "제주 제주시 추자면 신양서길 42-2 (신양리)"
7084, "부안 일마레리조트", "전북 부안군 변산면 궁항로 91"
5983, "경상포항우리들펜션", "경북 포항시 남구 호미곶면 해맞이로208번길 10 남구 호미곶면 해맞이로208번길 10"
6889, "무주 센트럴리조트", "전북 무주군 설천면 관동길 9"
7915, "판교 디테라스", "경기 성남시 분당구 판교로319번길 13"
13220, "가평 빌라퍼즈 풀빌라", "경기 가평군 설악면 유명로 2150-20"
7416, "주노글램핑 완주점", "전북 완주군 비봉면 천호로 235-38"
13162, "양주 아트시티투 펜션", "경기 양주시 장흥면 권율로309번길 33"
14210, "전의 게스트하우스", "세종 전의면 운주산로 1226"
4252, "코지앤이지펜션", "경기 가평군 청평면 큰갈월로1번길 32 (대성리)"
6110, "고흥 하얀노을펜션", "전남 고흥군 동일면 와다리길 3 동일면 와다리길 3"
10015, "민들레미코펜션", "충북 청주시 상당구 미원면 종암길 30-27"
13404, "안면도 곰섬황토 펜션", "충남 태안군 남면 곰섬로 471-4"
5863, "여수울랄라오션뷰가족펜션(애견동반가능)", "전남 여수시 돌산읍 평사로 407 돌산읍 평사로 407"
7388, "폴라리스 글램핑", "경남 고성군 동해면 조선특구로 2126"
6839, "가평 하늘숲 스파 펜션", "경기 가평군 북면 멱골로 121"
9998, "멍스테이펜션", "강원 고성군 죽왕면 백도해변길 78"
4913, "태안 어은돌은하수펜션", "충남 태안군 소원면 연들길 96-3 소원면 연들길 96-3"
6312, "숲속의아침", "경기 가평군 청평면 안대성길 21-38"
10884, "팔공산가고파&큰바위펜션", "대구 군위군 부계면 한티로 1731"
4481, "지리산대호펜션", "전북 남원시 산내면 산내달궁길 10 산내면 산내달궁길 10"
9225, "편운산장펜션", "제주 서귀포시 성산읍 서성일로 898-38"
4514, "페나테스풀빌라", "충북 충주시 동량면 호반로 789-15 동량면 호반로 789-15"
5861, "부안 자연가든펜션", "전북 부안군 변산면 격포반월길 28 변산면 격포반월길 28"
9772, "소백산빌리지", "충북 단양군 영춘면 강변로 531"
4349, "포천 키즈글램핑GEO", "경기 포천시 이동면 금강로 6561"
7735, "태안 학암포 나로 글램핑 캠핑", "충남 태안군 원북면 옥파로 1157"
12246, "남해월포펜션", "경남 남해군 남면 남서대로 611-25"
7509, "호랑이캠핑 포천점", "경기 포천시 영북면 새낭로 919"
9578, "휴먼트리펜션", "경북 구미시 무을면 안곡2길 38-44"
7343, "용추글램핑&펜션", "경남 함양군 안의면 용추계곡로 477"
14823, "가평 모나캠핑파크", "경기 가평군 상면 축령로 143"
6963, "경주 원화루", "경북 경주시 포석로 828-21"
4334, "삼척 타요카라반", "강원 삼척시 삼척로 4246-28 삼척로 4246-28"
14727, "[포천]아르테미스글램핑", "경기 포천시 영중면 호국로 3226-37"
6872, "담양 메이플펜션", "전남 담양군 용면 추월산로 1234"
4780, "바다위에펜션", "제주 제주시 애월읍 일주서로 7219-1 애월읍 일주서로 7219-1"
3504, "강촌밸리글램핑", "강원 춘천시 남산면 풀무골길 82-53 (방곡리) 강촌밸리글램핑"
6327, "군위 삼국유사테마파크 역사돔 펜션", "대구 군위군 의흥면 일연테마로 100 의흥면 일연테마로 100"
4909, "Y&G펜션", "강원 강릉시 경포로475번길 41 경포로475번길 41"
10994, "산토리니펜션", "충북 청주시 상당구 미원면 종암길 30-17"
12796, "엘라포니시호텔", "경북 경주시 감포읍 동해안로 1596"
4567, "푸른하늘은하수", "경기 여주시 금사면 금품2로 761-42 금사면 금품2로 761-42"
11433, "해운대 물고기미포펜션", "부산 해운대구 달맞이길62번가길 43"
13253, "강릉 라미아까사풀빌라, 오션뷰", "강원 강릉시 해안로 663"
1821, "서해펜션", "충남 태안군 근흥면 신진도리 438"
4291, "서천 파인트리글램핑", "충남 서천군 서면 갯벌체험로 295-12 서면 갯벌체험로 295-12"
4329, "고성 청간정 카라반", "강원 고성군 토성면 중앙로 642-22 토성면 중앙로 642-22"
7987, "인제 자작나무 스테이", "강원 인제군 인제읍 자작나무숲길 1112"
12379, "영덕 메리엘풀빌라", "경북 영덕군 강구면 영덕대게로 237"
7689, "여수펜션 더끌림 온수수영장펜션", "전남 여수시 돌산읍 돌산로 3088-1"
14489, "[고성]라벤더캠핑카라반", "강원 고성군 간성읍 꽃내마루길 54"
10329, "노을과바다풀빌라", "전남 여수시 화양면 화서로 173-24"
4536, "안면도 힐링하우스, 꽃지해변 1분", "충남 태안군 안면읍 꽃지2길 49-22 안면읍 꽃지2길 49-22"
8774, "춘화원 한옥펜션", "경기 포천시 일동면 운악청계로1480번길 90-118"
6658, "가평 열두달 스파 펜션", "경기 가평군 북면 멱골로 202-105"
5293, "엘리시아펜션", "인천 강화군 화도면 해안남로 1585 화도면 해안남로 1585"
7445, "가평 동물카라반펜션", "경기 가평군 상면 임초밤안골로 313"
4673, "부안 전망좋은펜션", "전북 부안군 변산면 변산로 3524-13 변산면 변산로 3524-13"
11849, "밀양향림펜션", "경남 밀양시 산내면 얼음골로 134-25"
7447, "합천아빠랑놀자키즈글램핑", "경남 합천군 삼가면 동리외초길 223"
10287, "속초 더티(The-T)펜션", "강원 속초시 해오름로 151"
4432, "태기산아침의새소리", "강원 횡성군 둔내면 경강로구두미1길 93-11 둔내면 경강로구두미1길 93-11"
8521, "큐피트펜션", "경북 청도군 화양읍 이슬미로 297-23"
4591, "양수리 마루펜션", "경기 양평군 서종면 소유곡길 30 서종면 소유곡길 30"
13024, "신진도민박", "충남 태안군 근흥면 마도길 94-26"
6965, "가평 가르텐하임 애견동반 펜션", "경기 가평군 북면 백둔로 549-91"
10895, "바다향기펜션", "충남 태안군 남면 진산2길 189"
13724, "뉴스페이스펜션", "경기 양평군 서종면 황순원로 207"
5715, "강화 파스텔 펜션", "인천 강화군 화도면 해안남로1691번길 46-38"
7410, "바다의별 카라반", "경기 안산시 단원구 부흥로 359-9"
10461, "마검포둘레길펜션", "충남 태안군 남면 마검포길 185-23"
13152, "안성 너리굴문화마을 카라반", "경기 안성시 보개면 너리굴길 100"
5876, "태안 갯여울펜션", "충남 태안군 고남면 만수길 25-14 고남면 만수길 25-14"
10089, "블루스토리", "충북 청주시 상당구 미원면 종암길 30-5"
12463, "다둥이펜션", "충남 금산군 부리면 농바우길 152-208"
9315, "곰섬 언덕위의하얀집", "충남 태안군 남면 곰섬로 472"
9909, "씨엘로펜션", "충북 괴산군 청천면 도경로후영길 83"
9820, "풀빌라 라보떼", "전북 부안군 변산면 적벽강길 4"
4768, "영월 구름에달가듯이 펜션", "강원 영월군 김삿갓면 김삿갓로 497-51 김삿갓면 김삿갓로 497-51"
13303, "통영아라풀빌라 / 독채 / 오션뷰", "경남 통영시 용남면 해간길 48-14"
8000, "거제 꿈에그린(오션뷰&바다낚시)", "경남 거제시 남부면 거제남서로 312"
12256, "아인티오펜션", "경기 남양주시 화도읍 모꼬지로17번길 48-115"
8260, "바오하우스", "경기 양평군 양동면 몰운고갯길 732-21"
13285, "통영 모노퍼니 펜션", "경남 통영시 용남면 용남해안로 357"
4405, "제주독채펜션오션스카이", "제주 제주시 구좌읍 덕행로 450-21"
4688, "공주 한옥숙박 홍휘관 펜션", "충남 공주시 백미고을길 6-6 백미고을길 6-6"
8323, "명돌캠프펜션", "충북 충주시 산척면 삼여울길 20"
11810, "가평 더리조트멍 풀빌라", "경기 가평군 조종면 현등사길 55-279"
4424, "홍천OG펜션", "강원 홍천군 북방면 노일로 341"
9444, "제부도 양지리조텔", "경기 화성시 서신면 해안길 353-6"
4557, "로그캠프", "경기 양평군 용문면 연수로 293 용문면 연수로 293"
1813, "경주 블루원 글램핑", "경북 경주시 보불로 391 (천군동, 블루원 디아너스 컨트리클럽)"
3873, "춘천숲펜션", "강원 춘천시 동산면 종자리로 224-99 (군자리)"
8141, "동해 망상해변 이스트하우스펜션", "강원 동해시 동해대로 6267"
13794, "티볼리빌 스파 앤 풀빌라", "경기 포천시 내촌면 금강로2110번길 88-13"
13568, "김포 라붐 무인텔(드라이브인)", "경기 김포시 대곶면 대명항1로 40-9"
4337, "고성 쭌 캠핑 카라반 펜션", "강원 고성군 토성면 화원길 11"
7396, "에덴펜션&오토캠핑장", "경북 경주시 감포읍 동해안로 2507-2"
11344, "거제더비치펜션빌리지", "경남 거제시 장목면 거제북로 2738-3"
14012, "수안보온천힐링호텔", "충북 충주시 수안보면 수안보로 219"
7402, "합천코지글램핑/카라반", "경남 합천군 대병면 합천호수로 262-35"
7512, "이지캠핑장", "경기 가평군 설악면 유명로 2110"
11830, "청산얼음펜션", "경남 밀양시 단장면 시전2길 12-9"
12929, "팜스프링캠프", "경북 김천시 봉산면 광천4길 232-24"
14608, "신두57캠핑장", "충남 태안군 원북면 신두해변길 201-31"
11286, "까르마펜션", "경기 안산시 단원구 느릿부리안길 60"
4357, "포천 베어힐 카라반 펜션", "경기 포천시 내촌면 금강로 2872-48"
8894, "포항 디엠지(DMZ)", "경북 포항시 북구 흥해읍 해안로 1750-11"
6800, "경주 힐그로우 풀빌라", "경북 경주시 서낭길 122-44"
10515, "바다래펜션", "경기 화성시 서신면 살곶이길86번길 61-16"
